Zone,Lon,Lat,Datetime,Coal,Gas,Fuel_Oil,Hydro,Biomass,Solar,Wind,Pumped_Storage,Import,Curtailment
A,130,-12,1/1/2020 0:00,1200,3340,0,1352,100,0,430,0,0,0
A,130,-12,1/1/2020 1:00,1200,3340,0,1113,100,0,427,0,0,0
A,130,-12,1/1/2020 2:00,1200,3340,0,698,100,0,432,0,0,0
A,130,-12,1/1/2020 3:00,1200,3340,0,644,100,0,431,0,0,0
A,130,-12,1/1/2020 4:00,1200,3340,0,708,100,0,433,0,0,0
A,130,-12,1/1/2020 5:00,1200,3340,0,696,100,0,432,0,0,0
A,130,-12,1/1/2020 6:00,1200,3340,0,1120,100,6,429,0,0,0
A,130,-12,1/1/2020 7:00,1200,3340,0,1319,100,104,430,0,0,0
A,130,-12,1/1/2020 8:00,1200,3340,0,1653,100,196,430,0,0,0
A,130,-12,1/1/2020 9:00,1200,3340,0,1263,89,285,428,0,0,0
A,130,-12,1/1/2020 10:00,1200,3340,0,1225,51,342,426,0,0,0
A,130,-12,1/1/2020 11:00,1200,3340,0,1029,100,375,432,0,0,0
A,130,-12,1/1/2020 12:00,1200,3340,0,1262,40,380,426,0,0,0
A,130,-12,1/1/2020 13:00,1200,3340,0,1817,40,361,426,0,0,0
A,130,-12,1/1/2020 14:00,1200,3340,0,2003,100,306,414,0,0,0
A,130,-12,1/1/2020 15:00,1200,3340,0,1670,100,224,416,0,0,0
A,130,-12,1/1/2020 16:00,1200,3340,0,1671,100,131,414,0,0,0
A,130,-12,1/1/2020 17:00,1200,3340,0,1983,100,48,416,0,0,0
A,130,-12,1/1/2020 18:00,1200,2590,0,2008,100,8,429,0,0,0
A,130,-12,1/1/2020 19:00,1200,2590,0,1915,100,0,431,0,0,0
A,130,-12,1/1/2020 20:00,1200,2590,0,1994,100,0,430,0,0,0
A,130,-12,1/1/2020 21:00,1200,2590,0,1974,100,0,432,0,0,0
A,130,-12,1/1/2020 22:00,1200,2590,0,2113,100,0,432,0,0,0
A,130,-12,1/1/2020 23:00,1200,2590,0,1792,40,0,429,0,0,0
A,130,-12,1/2/2020 0:00,1200,2590,0,1926,100,0,425,0,0,0
A,130,-12,1/2/2020 1:00,1200,2590,0,1481,100,0,427,0,0,0
A,130,-12,1/2/2020 2:00,1200,2590,0,921,100,0,426,0,0,0
A,130,-12,1/2/2020 3:00,1200,2590,0,851,100,0,428,0,0,0
A,130,-12,1/2/2020 4:00,1200,2590,0,851,100,0,431,0,0,0
A,130,-12,1/2/2020 5:00,1200,2590,0,859,100,0,422,0,0,0
A,130,-12,1/2/2020 6:00,1200,2590,0,1543,100,7,414,0,0,0
A,130,-12,1/2/2020 7:00,1200,2590,0,1744,100,102,424,0,0,0
A,130,-12,1/2/2020 8:00,1200,2590,0,2062,100,191,427,0,0,0
A,130,-12,1/2/2020 9:00,1200,3340,0,1537,100,285,429,0,0,0
A,130,-12,1/2/2020 10:00,1200,3340,0,1537,100,343,431,0,0,0
A,130,-12,1/2/2020 11:00,1200,3340,0,1437,100,374,403,0,0,0
A,130,-12,1/2/2020 12:00,1200,3340,0,1466,100,373,403,0,0,0
A,130,-12,1/2/2020 13:00,1200,3340,0,1920,100,336,386,0,0,0
A,130,-12,1/2/2020 14:00,1200,2331,0,2035,100,263,389,0,0,0
A,130,-12,1/2/2020 15:00,1200,3340,0,1505,100,166,402,0,0,0
A,130,-12,1/2/2020 16:00,1200,3340,0,1543,100,85,414,0,0,0
A,130,-12,1/2/2020 17:00,1200,3340,0,1691,100,31,412,0,0,0
A,130,-12,1/2/2020 18:00,1200,3340,0,1789,100,6,416,0,0,0
A,130,-12,1/2/2020 19:00,1200,3340,0,1624,100,0,425,0,0,0
A,130,-12,1/2/2020 20:00,1200,3340,0,2113,100,0,428,0,0,0
A,130,-12,1/2/2020 21:00,1200,3340,0,1649,100,0,427,0,0,0
A,130,-12,1/2/2020 22:00,1200,3340,0,1551,100,0,428,0,0,0
A,130,-12,1/2/2020 23:00,1200,3340,0,2086,100,0,425,0,0,0
A,130,-12,1/3/2020 0:00,1200,3124,0,1748,100,0,422,0,0,0
A,130,-12,1/3/2020 1:00,1200,3340,0,1433,100,0,419,0,0,0
A,130,-12,1/3/2020 2:00,1200,3340,0,998,40,0,428,0,0,0
A,130,-12,1/3/2020 3:00,1200,3340,0,850,40,0,422,0,0,0
A,130,-12,1/3/2020 4:00,1200,3340,0,680,40,0,414,0,0,0
A,130,-12,1/3/2020 5:00,1200,3340,0,648,40,0,413,0,0,0
A,130,-12,1/3/2020 6:00,1200,3340,0,600,40,4,409,0,0,0
A,130,-12,1/3/2020 7:00,1200,3267,0,546,40,86,405,0,0,0
A,130,-12,1/3/2020 8:00,1200,2034,0,755,40,174,395,0,0,0
A,130,-12,1/3/2020 9:00,1200,1163,0,804,40,275,371,0,0,0
A,130,-12,1/3/2020 10:00,1200,1253,0,804,40,326,367,0,0,0
A,130,-12,1/3/2020 11:00,1200,3148,0,644,40,355,390,0,0,0
A,130,-12,1/3/2020 12:00,1200,2760,0,646,40,338,384,0,0,0
A,130,-12,1/3/2020 13:00,1200,3340,0,459,40,285,380,0,0,0
A,130,-12,1/3/2020 14:00,1200,3340,0,486,40,190,381,0,0,0
A,130,-12,1/3/2020 15:00,1200,3340,0,568,40,128,380,0,0,0
A,130,-12,1/3/2020 16:00,1200,3340,0,706,40,66,384,0,0,0
A,130,-12,1/3/2020 17:00,1200,3340,0,908,40,32,396,0,0,0
A,130,-12,1/3/2020 18:00,1200,3340,0,1201,100,6,406,0,0,0
A,130,-12,1/3/2020 19:00,1200,3340,0,1152,100,0,415,0,0,0
A,130,-12,1/3/2020 20:00,1200,3340,0,1087,100,0,424,0,0,0
A,130,-12,1/3/2020 21:00,1200,3340,0,841,40,0,427,0,0,0
A,130,-12,1/3/2020 22:00,1200,3340,0,720,40,0,430,0,0,0
A,130,-12,1/3/2020 23:00,1200,3340,0,935,100,0,433,0,0,0
A,130,-12,1/4/2020 0:00,1200,3340,0,550,40,0,430,0,0,0
A,130,-12,1/4/2020 1:00,1200,3340,0,501,40,0,427,0,0,0
A,130,-12,1/4/2020 2:00,1200,3340,0,362,40,0,430,0,0,0
A,130,-12,1/4/2020 3:00,1200,3340,0,398,40,0,425,0,0,0
A,130,-12,1/4/2020 4:00,1200,3340,0,546,100,0,428,0,0,0
A,130,-12,1/4/2020 5:00,1200,3340,0,748,100,0,415,0,0,0
A,130,-12,1/4/2020 6:00,1200,3340,0,1013,100,7,424,0,0,0
A,130,-12,1/4/2020 7:00,1200,3340,0,1279,100,105,410,0,0,0
A,130,-12,1/4/2020 8:00,1200,3340,0,1974,100,192,395,0,0,0
A,130,-12,1/4/2020 9:00,1200,3340,0,1352,100,281,410,0,0,0
A,130,-12,1/4/2020 10:00,1200,3340,0,1262,100,337,368,0,0,0
A,130,-12,1/4/2020 11:00,1200,3340,0,678,40,367,378,0,0,0
A,130,-12,1/4/2020 12:00,1200,3340,0,1333,100,340,366,0,0,0
A,130,-12,1/4/2020 13:00,1200,3340,0,1899,100,266,378,0,0,0
A,130,-12,1/4/2020 14:00,1152,3340,0,2101,100,194,368,0,0,0
A,130,-12,1/4/2020 15:00,600,3340,0,1973,100,116,377,0,0,0
A,130,-12,1/4/2020 16:00,600,3340,0,2396,100,56,407,0,0,0
A,130,-12,1/4/2020 17:00,600,3340,0,2170,100,29,417,0,0,0
A,130,-12,1/4/2020 18:00,600,3340,0,2575,100,6,419,0,0,0
A,130,-12,1/4/2020 19:00,600,3340,0,2140,100,0,426,0,0,0
A,130,-12,1/4/2020 20:00,600,3340,0,1656,100,0,431,0,0,0
A,130,-12,1/4/2020 21:00,600,3340,0,1762,100,0,429,0,0,0
A,130,-12,1/4/2020 22:00,600,3340,0,1520,100,0,432,0,0,0
A,130,-12,1/4/2020 23:00,600,3340,0,1485,100,0,427,0,0,0
A,130,-12,1/5/2020 0:00,600,3340,0,1079,100,0,427,0,0,0
A,130,-12,1/5/2020 1:00,600,3340,0,858,100,0,414,0,0,0
A,130,-12,1/5/2020 2:00,600,3340,0,806,40,0,406,0,0,0
A,130,-12,1/5/2020 3:00,600,3340,0,806,40,0,401,0,0,0
A,130,-12,1/5/2020 4:00,600,3340,0,860,80,0,398,0,0,0
A,130,-12,1/5/2020 5:00,600,3340,0,1142,100,0,391,0,0,0
A,130,-12,1/5/2020 6:00,600,3340,0,969,100,0,386,0,0,0
A,130,-12,1/5/2020 7:00,600,3340,0,1075,100,44,406,0,0,0
A,130,-12,1/5/2020 8:00,600,3340,0,1819,100,137,389,0,0,0
A,130,-12,1/5/2020 9:00,600,3340,0,1575,100,249,359,0,0,0
A,130,-12,1/5/2020 10:00,600,3340,0,2000,100,306,368,0,0,0
A,130,-12,1/5/2020 11:00,600,3340,0,1882,100,347,385,0,0,0
A,130,-12,1/5/2020 12:00,600,3340,0,2079,100,348,377,0,0,0
A,130,-12,1/5/2020 13:00,600,3340,0,2079,100,341,387,0,0,0
A,130,-12,1/5/2020 14:00,600,3340,0,2113,100,292,383,0,0,0
A,130,-12,1/5/2020 15:00,600,3340,0,2051,100,223,380,0,0,0
A,130,-12,1/5/2020 16:00,600,3340,0,1487,100,154,396,0,0,0
A,130,-12,1/5/2020 17:00,600,3340,0,1602,100,63,404,0,0,0
A,130,-12,1/5/2020 18:00,600,3340,0,1702,100,11,398,0,0,0
A,130,-12,1/5/2020 19:00,600,3340,0,1572,100,0,399,0,0,0
A,130,-12,1/5/2020 20:00,600,3340,0,1687,100,0,405,0,0,0
A,130,-12,1/5/2020 21:00,600,3340,0,1097,100,0,412,0,0,0
A,130,-12,1/5/2020 22:00,600,3340,0,873,100,0,420,0,0,0
A,130,-12,1/5/2020 23:00,600,3340,0,951,40,0,428,0,0,0
A,130,-12,1/6/2020 0:00,600,3340,0,508,40,0,432,0,0,0
A,130,-12,1/6/2020 1:00,600,3340,0,295,40,0,432,0,0,0
A,130,-12,1/6/2020 2:00,600,3340,0,295,40,0,433,0,0,0
A,130,-12,1/6/2020 3:00,600,3340,0,295,40,0,433,0,0,0
A,130,-12,1/6/2020 4:00,600,3340,0,295,40,0,433,0,0,0
A,130,-12,1/6/2020 5:00,600,3340,0,295,40,0,433,0,0,0
A,130,-12,1/6/2020 6:00,600,3340,0,615,100,0,433,0,0,0
A,130,-12,1/6/2020 7:00,1152,3340,0,790,100,22,433,0,0,0
A,130,-12,1/6/2020 8:00,1200,3340,0,1183,100,90,433,0,0,0
A,130,-12,1/6/2020 9:00,1200,3340,0,897,40,184,433,0,0,0
A,130,-12,1/6/2020 10:00,1200,3340,0,804,40,280,433,0,0,0
A,130,-12,1/6/2020 11:00,1200,3340,0,744,100,316,432,0,0,0
A,130,-12,1/6/2020 12:00,1200,3340,0,867,100,333,431,0,0,0
A,130,-12,1/6/2020 13:00,1200,3340,0,1369,100,319,427,0,0,0
A,130,-12,1/6/2020 14:00,1200,3340,0,1304,100,201,431,0,0,0
A,130,-12,1/6/2020 15:00,1200,3340,0,1874,100,96,431,0,0,0
A,130,-12,1/6/2020 16:00,1200,3340,0,1462,100,40,427,0,0,0
A,130,-12,1/6/2020 17:00,1200,3340,0,1514,100,25,427,0,0,0
A,130,-12,1/6/2020 18:00,1200,3340,0,1625,100,5,430,0,0,0
A,130,-12,1/6/2020 19:00,1200,3340,0,1876,100,0,432,0,0,0
A,130,-12,1/6/2020 20:00,1200,3340,0,1498,100,0,433,0,0,0
A,130,-12,1/6/2020 21:00,1200,3340,0,1624,100,0,433,0,0,0
A,130,-12,1/6/2020 22:00,1200,3340,0,1180,100,0,433,0,0,0
A,130,-12,1/6/2020 23:00,1200,3340,0,982,100,0,433,0,0,0
A,130,-12,1/7/2020 0:00,1200,3340,0,754,100,0,433,0,0,0
A,130,-12,1/7/2020 1:00,1200,3340,0,529,100,0,433,0,0,0
A,130,-12,1/7/2020 2:00,1200,3340,0,465,40,0,433,0,0,0
A,130,-12,1/7/2020 3:00,1200,3340,0,375,40,0,433,0,0,0
A,130,-12,1/7/2020 4:00,1200,3340,0,295,40,0,433,0,0,0
A,130,-12,1/7/2020 5:00,1200,3340,0,295,40,0,433,0,0,0
A,130,-12,1/7/2020 6:00,1200,3340,0,391,40,0,433,0,0,0
A,130,-12,1/7/2020 7:00,1200,3340,0,754,100,17,433,0,0,0
A,130,-12,1/7/2020 8:00,1200,3340,0,1848,100,24,433,0,0,0
A,130,-12,1/7/2020 9:00,1200,3340,0,1038,40,89,433,0,0,0
A,130,-12,1/7/2020 10:00,1200,3340,0,1038,40,163,433,0,0,0
A,130,-12,1/7/2020 11:00,1200,3340,0,529,40,197,433,0,0,0
A,130,-12,1/7/2020 12:00,1200,3340,0,808,40,209,433,0,0,0
A,130,-12,1/7/2020 13:00,1200,3340,0,1267,40,194,433,0,0,0
A,130,-12,1/7/2020 14:00,1200,3340,0,1764,100,194,433,0,0,0
A,130,-12,1/7/2020 15:00,1200,3340,0,1457,100,190,433,0,0,0
A,130,-12,1/7/2020 16:00,1200,3340,0,1240,100,136,433,0,0,0
A,130,-12,1/7/2020 17:00,1200,3340,0,1479,100,65,433,0,0,0
A,130,-12,1/7/2020 18:00,1200,3340,0,1796,100,10,432,0,0,0
A,130,-12,1/7/2020 19:00,1200,3340,0,1521,100,0,432,0,0,0
A,130,-12,1/7/2020 20:00,1200,3340,0,1438,100,0,433,0,0,0
A,130,-12,1/7/2020 21:00,1200,3340,0,966,100,0,433,0,0,0
A,130,-12,1/7/2020 22:00,1200,3340,0,908,100,0,433,0,0,0
A,130,-12,1/7/2020 23:00,1200,3340,0,651,100,0,433,0,0,0
B,153,-27,1/1/2020 0:00,0,0,0,646,0,0,0,0,677,0
B,153,-27,1/1/2020 1:00,0,0,0,2545,0,0,0,0,677,0
B,153,-27,1/1/2020 2:00,0,0,0,851,0,0,0,0,677,0
B,153,-27,1/1/2020 3:00,0,0,0,1466,0,0,0,0,545,0
B,153,-27,1/1/2020 4:00,0,0,0,1478,0,0,0,0,273,0
B,153,-27,1/1/2020 5:00,0,0,0,1258,0,0,0,0,263,0
B,153,-27,1/1/2020 6:00,0,0,0,1851,0,0,0,0,677,0
B,153,-27,1/1/2020 7:00,0,0,0,1855,0,0,0,0,677,0
B,153,-27,1/1/2020 8:00,0,0,0,2319,0,0,0,0,677,0
B,153,-27,1/1/2020 9:00,0,0,0,2286,0,0,0,0,677,0
B,153,-27,1/1/2020 10:00,0,0,0,2262,0,0,0,0,677,0
B,153,-27,1/1/2020 11:00,0,0,0,2503,0,0,0,0,677,0
B,153,-27,1/1/2020 12:00,0,0,0,843,0,0,0,0,677,0
B,153,-27,1/1/2020 13:00,0,0,0,882,0,0,0,0,677,0
B,153,-27,1/1/2020 14:00,0,0,0,1065,0,0,0,0,677,0
B,153,-27,1/1/2020 15:00,0,0,0,1428,0,0,0,0,677,0
B,153,-27,1/1/2020 16:00,0,0,0,1880,0,0,0,0,677,0
B,153,-27,1/1/2020 17:00,0,0,0,2484,0,0,0,0,677,0
B,153,-27,1/1/2020 18:00,0,0,0,793,0,0,0,0,677,0
B,153,-27,1/1/2020 19:00,0,0,0,1696,0,0,0,0,677,0
B,153,-27,1/1/2020 20:00,0,0,0,2770,0,0,0,0,677,0
B,153,-27,1/1/2020 21:00,0,0,0,1940,0,0,0,0,677,0
B,153,-27,1/1/2020 22:00,0,0,0,1083,0,0,0,0,677,0
B,153,-27,1/1/2020 23:00,0,0,0,735,0,0,0,0,677,0
B,153,-27,1/2/2020 0:00,0,0,0,2724,0,0,0,0,677,0
B,153,-27,1/2/2020 1:00,0,0,0,2593,0,0,0,0,677,0
B,153,-27,1/2/2020 2:00,0,0,0,991,0,0,0,0,677,0
B,153,-27,1/2/2020 3:00,0,0,0,1143,0,0,0,0,677,0
B,153,-27,1/2/2020 4:00,0,0,0,2241,0,0,0,0,515,0
B,153,-27,1/2/2020 5:00,0,0,0,2193,0,0,0,0,428,0
B,153,-27,1/2/2020 6:00,0,0,0,1826,0,0,0,0,644,0
B,153,-27,1/2/2020 7:00,0,0,0,1417,0,0,0,0,677,0
B,153,-27,1/2/2020 8:00,0,0,0,1415,0,0,0,0,400,0
B,153,-27,1/2/2020 9:00,0,0,0,2284,0,0,0,0,677,0
B,153,-27,1/2/2020 10:00,0,0,0,1039,0,0,0,0,677,0
B,153,-27,1/2/2020 11:00,0,0,0,2563,0,0,0,0,677,0
B,153,-27,1/2/2020 12:00,0,0,0,2427,0,0,0,0,677,0
B,153,-27,1/2/2020 13:00,0,0,0,2014,0,0,0,0,677,0
B,153,-27,1/2/2020 14:00,0,0,0,2867,0,0,0,0,677,0
B,153,-27,1/2/2020 15:00,0,0,0,2368,0,0,0,0,677,0
B,153,-27,1/2/2020 16:00,0,0,0,1933,0,0,0,0,677,0
B,153,-27,1/2/2020 17:00,0,0,0,500,0,0,0,0,36,0
B,153,-27,1/2/2020 18:00,0,0,0,2582,0,0,0,0,337,0
B,153,-27,1/2/2020 19:00,0,0,0,2548,0,0,0,0,429,0
B,153,-27,1/2/2020 20:00,0,0,0,2246,0,0,0,0,677,0
B,153,-27,1/2/2020 21:00,0,0,0,2769,0,0,0,0,677,0
B,153,-27,1/2/2020 22:00,0,0,0,2904,0,0,0,0,677,0
B,153,-27,1/2/2020 23:00,0,0,0,1457,0,0,0,0,677,0
B,153,-27,1/3/2020 0:00,0,0,0,864,0,0,0,0,677,0
B,153,-27,1/3/2020 1:00,0,0,0,1196,0,0,0,0,677,0
B,153,-27,1/3/2020 2:00,0,0,0,1800,0,0,0,0,637,0
B,153,-27,1/3/2020 3:00,0,0,0,1661,0,0,0,0,452,0
B,153,-27,1/3/2020 4:00,0,0,0,2150,0,0,0,0,240,0
B,153,-27,1/3/2020 5:00,0,0,0,2347,0,0,0,0,212,0
B,153,-27,1/3/2020 6:00,0,0,0,2934,0,0,0,0,197,0
B,153,-27,1/3/2020 7:00,0,0,0,857,0,0,0,0,218,0
B,153,-27,1/3/2020 8:00,0,0,0,2160,0,0,0,0,0,0
B,153,-27,1/3/2020 9:00,0,0,0,1513,0,0,0,0,0,0
B,153,-27,1/3/2020 10:00,0,0,0,912,0,0,0,0,0,0
B,153,-27,1/3/2020 11:00,0,0,0,597,0,0,0,0,677,0
B,153,-27,1/3/2020 12:00,0,0,0,2695,0,0,0,0,677,0
B,153,-27,1/3/2020 13:00,0,0,0,1460,0,0,0,0,677,0
B,153,-27,1/3/2020 14:00,0,0,0,2600,0,0,0,0,677,0
B,153,-27,1/3/2020 15:00,0,0,0,1275,0,0,0,0,53,0
B,153,-27,1/3/2020 16:00,0,0,0,1953,0,0,0,0,0,0
B,153,-27,1/3/2020 17:00,0,0,0,2406,0,0,0,0,0,0
B,153,-27,1/3/2020 18:00,0,0,0,1369,0,0,0,0,0,0
B,153,-27,1/3/2020 19:00,0,0,0,2985,0,0,0,0,0,0
B,153,-27,1/3/2020 20:00,0,0,0,2014,0,0,0,0,54,0
B,153,-27,1/3/2020 21:00,0,0,0,2428,0,0,0,0,677,0
B,153,-27,1/3/2020 22:00,0,0,0,1318,0,0,0,0,677,0
B,153,-27,1/3/2020 23:00,0,0,0,2481,0,0,0,0,677,0
B,153,-27,1/4/2020 0:00,0,0,0,1726,0,0,0,0,677,0
B,153,-27,1/4/2020 1:00,0,0,0,2093,0,0,0,0,677,0
B,153,-27,1/4/2020 2:00,0,0,0,736,0,0,0,0,677,0
B,153,-27,1/4/2020 3:00,0,0,0,2844,0,0,0,0,677,0
B,153,-27,1/4/2020 4:00,0,0,0,2565,0,0,0,0,653,0
B,153,-27,1/4/2020 5:00,0,0,0,1707,0,0,0,0,296,0
B,153,-27,1/4/2020 6:00,0,0,0,1693,0,0,0,0,677,0
B,153,-27,1/4/2020 7:00,0,0,0,1286,0,0,0,0,677,0
B,153,-27,1/4/2020 8:00,0,0,0,1801,0,0,0,0,400,0
B,153,-27,1/4/2020 9:00,0,0,0,1348,0,0,0,0,677,0
B,153,-27,1/4/2020 10:00,0,0,0,2707,0,0,0,0,677,0
B,153,-27,1/4/2020 11:00,0,0,0,2974,0,0,0,0,677,0
B,153,-27,1/4/2020 12:00,0,0,0,2087,0,0,0,0,677,0
B,153,-27,1/4/2020 13:00,0,0,0,2827,0,0,0,0,677,0
B,153,-27,1/4/2020 14:00,0,0,0,2275,0,0,0,0,677,0
B,153,-27,1/4/2020 15:00,0,0,0,2670,0,0,0,0,677,0
B,153,-27,1/4/2020 16:00,0,0,0,574,0,0,0,0,593,0
B,153,-27,1/4/2020 17:00,0,0,0,1993,0,0,0,0,49,0
B,153,-27,1/4/2020 18:00,0,0,0,1714,0,0,0,0,418,0
B,153,-27,1/4/2020 19:00,0,0,0,2457,0,0,0,0,400,0
B,153,-27,1/4/2020 20:00,0,0,0,2143,0,0,0,0,677,0
B,153,-27,1/4/2020 21:00,0,0,0,2352,0,0,0,0,677,0
B,153,-27,1/4/2020 22:00,0,0,0,959,0,0,0,0,677,0
B,153,-27,1/4/2020 23:00,0,0,0,1160,0,0,0,0,677,0
B,153,-27,1/5/2020 0:00,0,0,0,2380,0,0,0,0,677,412
B,153,-27,1/5/2020 1:00,0,0,0,709,0,0,0,0,677,0
B,153,-27,1/5/2020 2:00,0,0,0,1021,0,0,0,0,677,0
B,153,-27,1/5/2020 3:00,0,0,0,1169,0,0,0,0,677,0
B,153,-27,1/5/2020 4:00,0,0,0,1940,0,0,0,0,677,0
B,153,-27,1/5/2020 5:00,0,0,0,1416,0,0,0,0,677,0
B,153,-27,1/5/2020 6:00,0,0,0,2681,0,0,0,0,677,0
B,153,-27,1/5/2020 7:00,0,0,0,1392,0,0,0,0,677,0
B,153,-27,1/5/2020 8:00,0,0,0,2959,0,0,0,0,677,0
B,153,-27,1/5/2020 9:00,0,0,0,1806,0,0,0,0,677,0
B,153,-27,1/5/2020 10:00,0,0,0,837,0,0,0,0,677,0
B,153,-27,1/5/2020 11:00,0,0,0,2393,0,0,0,0,677,0
B,153,-27,1/5/2020 12:00,0,0,0,1883,0,0,0,0,677,0
B,153,-27,1/5/2020 13:00,0,0,0,1170,0,0,0,0,677,0
B,153,-27,1/5/2020 14:00,0,0,0,2463,0,0,0,0,677,0
B,153,-27,1/5/2020 15:00,0,0,0,2180,0,0,0,0,677,0
B,153,-27,1/5/2020 16:00,0,0,0,1776,0,0,0,0,677,0
B,153,-27,1/5/2020 17:00,0,0,0,2960,0,0,0,0,677,0
B,153,-27,1/5/2020 18:00,0,0,0,2899,0,0,0,0,677,0
B,153,-27,1/5/2020 19:00,0,0,0,2344,0,0,0,0,677,0
B,153,-27,1/5/2020 20:00,0,0,0,2817,0,0,0,0,677,0
B,153,-27,1/5/2020 21:00,0,0,0,1776,0,0,0,0,677,0
B,153,-27,1/5/2020 22:00,0,0,0,2087,0,0,0,0,677,0
B,153,-27,1/5/2020 23:00,0,0,0,1468,0,0,0,0,677,0
B,153,-27,1/6/2020 0:00,0,0,0,1066,0,0,0,0,677,227
B,153,-27,1/6/2020 1:00,0,0,0,2603,0,0,0,0,677,0
B,153,-27,1/6/2020 2:00,0,0,0,2211,0,0,0,0,677,422
B,153,-27,1/6/2020 3:00,0,0,0,1285,0,0,0,0,677,0
B,153,-27,1/6/2020 4:00,0,0,0,2647,0,0,0,0,677,338
B,153,-27,1/6/2020 5:00,0,0,0,675,0,0,0,0,221,42
B,153,-27,1/6/2020 6:00,0,0,0,1622,0,0,0,0,677,0
B,153,-27,1/6/2020 7:00,0,0,0,1697,0,0,0,0,677,290
B,153,-27,1/6/2020 8:00,0,0,0,2152,0,0,0,0,541,0
B,153,-27,1/6/2020 9:00,0,0,0,2156,0,0,0,0,598,0
B,153,-27,1/6/2020 10:00,0,0,0,2978,0,0,0,0,657,0
B,153,-27,1/6/2020 11:00,0,0,0,883,0,0,0,0,677,0
B,153,-27,1/6/2020 12:00,0,0,0,2945,0,0,0,0,677,0
B,153,-27,1/6/2020 13:00,0,0,0,2863,0,0,0,0,677,0
B,153,-27,1/6/2020 14:00,0,0,0,625,0,0,0,0,677,0
B,153,-27,1/6/2020 15:00,0,0,0,576,0,0,0,0,554,0
B,153,-27,1/6/2020 16:00,0,0,0,1604,0,0,0,0,431,0
B,153,-27,1/6/2020 17:00,0,0,0,2728,0,0,0,0,474,0
B,153,-27,1/6/2020 18:00,0,0,0,2296,0,0,0,0,469,0
B,153,-27,1/6/2020 19:00,0,0,0,746,0,0,0,0,561,0
B,153,-27,1/6/2020 20:00,0,0,0,2555,0,0,0,0,606,0
B,153,-27,1/6/2020 21:00,0,0,0,1829,0,0,0,0,658,0
B,153,-27,1/6/2020 22:00,0,0,0,2319,0,0,0,0,677,0
B,153,-27,1/6/2020 23:00,0,0,0,2310,0,0,0,0,663,0
B,153,-27,1/7/2020 0:00,0,0,0,1366,0,0,0,0,300,0
B,153,-27,1/7/2020 1:00,0,0,0,1796,0,0,0,0,300,0
B,153,-27,1/7/2020 2:00,0,0,0,826,0,0,0,0,175,0
B,153,-27,1/7/2020 3:00,0,0,0,2401,0,0,0,0,252,0
B,153,-27,1/7/2020 4:00,0,0,0,1270,0,0,0,0,300,0
B,153,-27,1/7/2020 5:00,0,0,0,2129,0,0,0,0,439,0
B,153,-27,1/7/2020 6:00,0,0,0,635,0,0,0,0,300,0
B,153,-27,1/7/2020 7:00,0,0,0,2302,0,0,0,0,677,0
B,153,-27,1/7/2020 8:00,0,0,0,2228,0,0,0,0,514,0
B,153,-27,1/7/2020 9:00,0,0,0,2136,0,0,0,0,619,0
B,153,-27,1/7/2020 10:00,0,0,0,1028,0,0,0,0,268,0
B,153,-27,1/7/2020 11:00,0,0,0,719,0,0,0,0,677,0
B,153,-27,1/7/2020 12:00,0,0,0,2655,0,0,0,0,677,0
B,153,-27,1/7/2020 13:00,0,0,0,657,0,0,0,0,677,0
B,153,-27,1/7/2020 14:00,0,0,0,1163,0,0,0,0,677,0
B,153,-27,1/7/2020 15:00,0,0,0,2228,0,0,0,0,543,0
B,153,-27,1/7/2020 16:00,0,0,0,1161,0,0,0,0,400,0
B,153,-27,1/7/2020 17:00,0,0,0,2416,0,0,0,0,481,0
B,153,-27,1/7/2020 18:00,0,0,0,2894,0,0,0,0,484,0
B,153,-27,1/7/2020 19:00,0,0,0,1062,0,0,0,0,522,0
B,153,-27,1/7/2020 20:00,0,0,0,1743,0,0,0,0,524,0
B,153,-27,1/7/2020 21:00,0,0,0,598,0,0,0,0,677,0
B,153,-27,1/7/2020 22:00,0,0,0,1903,0,0,0,0,677,0
B,153,-27,1/7/2020 23:00,0,0,0,2194,0,0,0,0,677,0
C,151,-34,1/1/2020 0:00,0,0,0,1895,248,0,375,0,0,0
C,151,-34,1/1/2020 1:00,0,0,0,1887,245,0,311,0,0,0
C,151,-34,1/1/2020 2:00,0,0,0,1163,223,0,294,0,0,0
C,151,-34,1/1/2020 3:00,0,0,0,1284,223,0,292,0,0,0
C,151,-34,1/1/2020 4:00,0,0,0,966,203,0,246,0,0,0
C,151,-34,1/1/2020 5:00,0,0,0,572,163,0,256,0,0,0
C,151,-34,1/1/2020 6:00,0,0,0,2025,245,1,256,0,0,0
C,151,-34,1/1/2020 7:00,0,0,0,2345,248,37,282,0,0,0
C,151,-34,1/1/2020 8:00,0,0,0,2765,245,108,310,0,0,0
C,151,-34,1/1/2020 9:00,0,0,0,1563,163,200,302,0,0,0
C,151,-34,1/1/2020 10:00,0,0,0,1646,163,267,332,0,0,0
C,151,-34,1/1/2020 11:00,0,0,0,2151,225,313,359,0,0,0
C,151,-34,1/1/2020 12:00,0,0,0,2536,248,310,370,0,0,0
C,151,-34,1/1/2020 13:00,0,0,0,2902,248,290,387,0,0,0
C,151,-34,1/1/2020 14:00,0,0,0,3633,248,241,383,0,0,0
C,151,-34,1/1/2020 15:00,0,0,0,3141,248,179,398,0,0,0
C,151,-34,1/1/2020 16:00,0,0,0,2863,248,99,419,0,0,0
C,151,-34,1/1/2020 17:00,0,0,0,2863,248,33,426,0,0,0
C,151,-34,1/1/2020 18:00,0,0,0,3203,248,4,425,0,0,0
C,151,-34,1/1/2020 19:00,0,0,0,3359,348,0,436,0,0,0
C,151,-34,1/1/2020 20:00,0,0,0,3422,348,0,432,0,0,0
C,151,-34,1/1/2020 21:00,0,0,0,3277,348,0,438,0,0,0
C,151,-34,1/1/2020 22:00,0,0,0,3064,348,0,432,0,0,0
C,151,-34,1/1/2020 23:00,0,0,0,3057,348,0,421,0,0,0
C,151,-34,1/2/2020 0:00,0,0,0,2358,393,0,393,0,0,0
C,151,-34,1/2/2020 1:00,0,0,0,2044,395,0,386,0,0,0
C,151,-34,1/2/2020 2:00,0,0,0,1336,395,0,357,0,0,0
C,151,-34,1/2/2020 3:00,0,0,0,1320,395,0,355,0,0,0
C,151,-34,1/2/2020 4:00,0,0,0,1374,395,0,359,0,0,0
C,151,-34,1/2/2020 5:00,0,0,0,1400,395,0,345,0,0,0
C,151,-34,1/2/2020 6:00,0,0,0,2490,395,2,346,0,0,0
C,151,-34,1/2/2020 7:00,0,0,0,2694,395,44,336,0,0,0
C,151,-34,1/2/2020 8:00,0,0,0,3248,395,101,284,0,0,0
C,151,-34,1/2/2020 9:00,0,0,0,2593,395,198,298,0,0,0
C,151,-34,1/2/2020 10:00,0,0,0,2578,395,272,344,0,0,0
C,151,-34,1/2/2020 11:00,0,0,0,2082,395,302,390,0,0,0
C,151,-34,1/2/2020 12:00,0,0,0,2163,395,314,398,0,0,0
C,151,-34,1/2/2020 13:00,0,0,0,3140,395,283,362,0,0,0
C,151,-34,1/2/2020 14:00,0,0,0,3507,395,232,380,0,0,0
C,151,-34,1/2/2020 15:00,0,0,0,3292,395,170,388,0,0,0
C,151,-34,1/2/2020 16:00,0,0,0,3051,395,90,398,0,0,0
C,151,-34,1/2/2020 17:00,0,0,0,2976,395,32,409,0,0,0
C,151,-34,1/2/2020 18:00,0,0,0,2980,395,4,417,0,0,0
C,151,-34,1/2/2020 19:00,0,0,0,3491,395,0,421,0,0,0
C,151,-34,1/2/2020 20:00,0,0,0,3372,395,0,410,0,0,0
C,151,-34,1/2/2020 21:00,0,0,0,3154,395,0,413,0,0,0
C,151,-34,1/2/2020 22:00,0,0,0,2607,395,0,414,0,0,0
C,151,-34,1/2/2020 23:00,0,0,0,2662,395,0,421,0,0,0
C,151,-34,1/3/2020 0:00,0,0,0,2244,395,0,412,0,0,0
C,151,-34,1/3/2020 1:00,0,0,0,1515,395,0,391,0,0,0
C,151,-34,1/3/2020 2:00,0,0,0,1443,215,0,375,0,0,0
C,151,-34,1/3/2020 3:00,0,0,0,1623,310,0,344,0,0,0
C,151,-34,1/3/2020 4:00,0,0,0,1434,190,0,353,0,0,0
C,151,-34,1/3/2020 5:00,0,0,0,859,169,0,323,0,0,0
C,151,-34,1/3/2020 6:00,0,0,0,844,165,2,297,0,0,0
C,151,-34,1/3/2020 7:00,0,0,0,1025,165,55,248,0,0,0
C,151,-34,1/3/2020 8:00,0,0,0,1475,165,127,221,0,0,0
C,151,-34,1/3/2020 9:00,0,0,0,1457,165,209,194,0,0,0
C,151,-34,1/3/2020 10:00,0,0,0,1457,165,267,202,0,0,0
C,151,-34,1/3/2020 11:00,0,0,0,1095,165,308,211,0,0,0
C,151,-34,1/3/2020 12:00,0,0,0,1214,165,317,239,0,0,0
C,151,-34,1/3/2020 13:00,0,0,0,1059,165,299,211,0,0,0
C,151,-34,1/3/2020 14:00,0,0,0,1111,165,256,182,0,0,0
C,151,-34,1/3/2020 15:00,0,0,0,1582,188,201,229,0,0,0
C,151,-34,1/3/2020 16:00,0,0,0,1771,165,122,253,0,0,0
C,151,-34,1/3/2020 17:00,0,0,0,1457,165,52,315,0,0,0
C,151,-34,1/3/2020 18:00,0,0,0,2209,276,7,340,0,0,0
C,151,-34,1/3/2020 19:00,0,0,0,2650,320,0,370,0,0,0
C,151,-34,1/3/2020 20:00,0,0,0,2155,335,0,385,0,0,0
C,151,-34,1/3/2020 21:00,0,0,0,1942,260,0,363,0,0,0
C,151,-34,1/3/2020 22:00,0,0,0,1533,250,0,383,0,0,0
C,151,-34,1/3/2020 23:00,0,0,0,928,227,0,389,0,0,0
C,151,-34,1/4/2020 0:00,0,0,0,1217,227,0,394,0,0,0
C,151,-34,1/4/2020 1:00,0,0,0,1038,169,0,351,0,0,0
C,151,-34,1/4/2020 2:00,0,0,0,526,165,0,338,0,0,0
C,151,-34,1/4/2020 3:00,0,0,0,644,165,0,334,0,0,0
C,151,-34,1/4/2020 4:00,0,0,0,556,165,0,304,0,0,0
C,151,-34,1/4/2020 5:00,0,0,0,526,165,0,277,0,0,0
C,151,-34,1/4/2020 6:00,0,0,0,1656,391,1,252,0,0,0
C,151,-34,1/4/2020 7:00,0,0,0,2530,395,34,190,0,0,0
C,151,-34,1/4/2020 8:00,0,0,0,3763,395,106,176,0,0,0
C,151,-34,1/4/2020 9:00,0,0,0,2882,395,197,176,0,0,0
C,151,-34,1/4/2020 10:00,0,0,0,2249,275,267,183,0,0,0
C,151,-34,1/4/2020 11:00,0,0,0,1838,335,300,230,0,0,0
C,151,-34,1/4/2020 12:00,0,0,0,2247,395,302,242,0,0,0
C,151,-34,1/4/2020 13:00,0,0,0,2484,395,289,260,0,0,0
C,151,-34,1/4/2020 14:00,0,0,0,3665,395,223,245,0,0,0
C,151,-34,1/4/2020 15:00,0,0,0,3592,395,169,288,0,0,0
C,151,-34,1/4/2020 16:00,0,0,0,3815,395,94,335,0,0,0
C,151,-34,1/4/2020 17:00,0,0,0,3577,395,44,327,0,0,0
C,151,-34,1/4/2020 18:00,0,0,0,3823,395,7,361,0,0,0
C,151,-34,1/4/2020 19:00,0,0,0,3844,395,0,389,0,0,0
C,151,-34,1/4/2020 20:00,0,0,0,3389,395,0,415,0,0,0
C,151,-34,1/4/2020 21:00,0,0,0,2905,395,0,411,0,0,0
C,151,-34,1/4/2020 22:00,0,0,0,2506,395,0,412,0,0,0
C,151,-34,1/4/2020 23:00,0,0,0,2287,395,0,411,0,0,0
C,151,-34,1/5/2020 0:00,0,0,0,1678,391,0,388,0,0,0
C,151,-34,1/5/2020 1:00,0,0,0,1345,285,0,359,0,0,0
C,151,-34,1/5/2020 2:00,0,0,0,1146,285,0,340,0,0,0
C,151,-34,1/5/2020 3:00,0,0,0,1146,225,0,304,0,0,0
C,151,-34,1/5/2020 4:00,0,0,0,1201,285,0,246,0,0,0
C,151,-34,1/5/2020 5:00,0,0,0,1495,289,0,186,0,0,0
C,151,-34,1/5/2020 6:00,0,0,0,1675,395,1,126,0,0,0
C,151,-34,1/5/2020 7:00,0,0,0,2833,395,21,125,0,0,0
C,151,-34,1/5/2020 8:00,0,0,0,3943,395,68,86,0,0,0
C,151,-34,1/5/2020 9:00,0,0,0,2668,395,175,98,0,0,0
C,151,-34,1/5/2020 10:00,0,0,0,2418,395,269,114,0,0,0
C,151,-34,1/5/2020 11:00,0,0,0,2647,395,305,166,0,0,0
C,151,-34,1/5/2020 12:00,0,0,0,2958,395,319,209,0,0,0
C,151,-34,1/5/2020 13:00,0,0,0,3372,395,306,151,0,0,0
C,151,-34,1/5/2020 14:00,0,0,0,3510,395,268,182,0,0,0
C,151,-34,1/5/2020 15:00,0,0,0,3321,395,196,166,0,0,0
C,151,-34,1/5/2020 16:00,0,0,0,2666,395,113,193,0,0,0
C,151,-34,1/5/2020 17:00,0,0,0,3445,395,37,254,0,0,0
C,151,-34,1/5/2020 18:00,0,0,0,3398,395,5,285,0,0,0
C,151,-34,1/5/2020 19:00,0,0,0,3320,395,0,307,0,0,0
C,151,-34,1/5/2020 20:00,0,0,0,2667,395,0,334,0,0,0
C,151,-34,1/5/2020 21:00,0,0,0,2346,395,0,342,0,0,0
C,151,-34,1/5/2020 22:00,0,0,0,1933,395,0,358,0,0,0
C,151,-34,1/5/2020 23:00,0,0,0,1933,395,0,367,0,0,0
C,151,-34,1/6/2020 0:00,0,0,0,1624,391,0,385,0,0,0
C,151,-34,1/6/2020 1:00,0,0,0,1034,202,0,395,0,0,0
C,151,-34,1/6/2020 2:00,0,0,0,609,165,0,395,0,0,0
C,151,-34,1/6/2020 3:00,0,0,0,491,165,0,386,0,0,0
C,151,-34,1/6/2020 4:00,0,0,0,521,165,0,388,0,0,0
C,151,-34,1/6/2020 5:00,0,0,0,491,165,0,381,0,0,0
C,151,-34,1/6/2020 6:00,0,0,0,1416,346,2,402,0,0,0
C,151,-34,1/6/2020 7:00,0,0,0,1891,395,35,367,0,0,0
C,151,-34,1/6/2020 8:00,0,0,0,2547,391,102,396,0,0,0
C,151,-34,1/6/2020 9:00,0,0,0,1957,188,158,339,0,0,0
C,151,-34,1/6/2020 10:00,0,0,0,1797,165,194,364,0,0,0
C,151,-34,1/6/2020 11:00,0,0,0,1924,391,242,398,0,0,0
C,151,-34,1/6/2020 12:00,0,0,0,1974,395,246,392,0,0,0
C,151,-34,1/6/2020 13:00,0,0,0,3276,395,213,370,0,0,0
C,151,-34,1/6/2020 14:00,0,0,0,3033,395,186,400,0,0,0
C,151,-34,1/6/2020 15:00,0,0,0,3228,395,125,375,0,0,0
C,151,-34,1/6/2020 16:00,0,0,0,3765,395,81,381,0,0,0
C,151,-34,1/6/2020 17:00,0,0,0,3049,395,29,402,0,0,0
C,151,-34,1/6/2020 18:00,0,0,0,3459,395,4,421,0,0,0
C,151,-34,1/6/2020 19:00,0,0,0,3069,395,0,426,0,0,0
C,151,-34,1/6/2020 20:00,0,0,0,3174,395,0,430,0,0,0
C,151,-34,1/6/2020 21:00,0,0,0,3228,395,0,440,0,0,0
C,151,-34,1/6/2020 22:00,0,0,0,2501,395,0,440,0,0,0
C,151,-34,1/6/2020 23:00,0,0,0,2134,395,0,437,0,0,0
C,151,-34,1/7/2020 0:00,0,0,0,1559,395,0,436,0,0,0
C,151,-34,1/7/2020 1:00,0,0,0,1125,391,0,422,0,0,0
C,151,-34,1/7/2020 2:00,0,0,0,828,165,0,433,0,0,0
C,151,-34,1/7/2020 3:00,0,0,0,654,165,0,430,0,0,0
C,151,-34,1/7/2020 4:00,0,0,0,526,165,0,430,0,0,0
C,151,-34,1/7/2020 5:00,0,0,0,526,165,0,428,0,0,0
C,151,-34,1/7/2020 6:00,0,0,0,764,165,0,430,0,0,0
C,151,-34,1/7/2020 7:00,0,0,0,1853,391,21,427,0,0,0
C,151,-34,1/7/2020 8:00,0,0,0,2838,395,68,429,0,0,0
C,151,-34,1/7/2020 9:00,0,0,0,2074,287,120,427,0,0,0
C,151,-34,1/7/2020 10:00,0,0,0,1927,165,174,429,0,0,0
C,151,-34,1/7/2020 11:00,0,0,0,1334,343,202,429,0,0,0
C,151,-34,1/7/2020 12:00,0,0,0,1816,395,232,432,0,0,0
C,151,-34,1/7/2020 13:00,0,0,0,2770,395,195,438,0,0,0
C,151,-34,1/7/2020 14:00,0,0,0,3545,395,140,437,0,0,0
C,151,-34,1/7/2020 15:00,0,0,0,3238,395,116,440,0,0,0
C,151,-34,1/7/2020 16:00,0,0,0,3018,395,107,438,0,0,0
C,151,-34,1/7/2020 17:00,0,0,0,2386,395,55,427,0,0,0
C,151,-34,1/7/2020 18:00,0,0,0,2732,395,8,430,0,0,0
C,151,-34,1/7/2020 19:00,0,0,0,3011,395,0,434,0,0,0
C,151,-34,1/7/2020 20:00,0,0,0,2791,395,0,432,0,0,0
C,151,-34,1/7/2020 21:00,0,0,0,2131,395,0,440,0,0,0
C,151,-34,1/7/2020 22:00,0,0,0,1506,395,0,435,0,0,0
C,151,-34,1/7/2020 23:00,0,0,0,1379,395,0,439,0,0,0
